{
  "cad_info": {
    "file": "CAD/Spark.glb",
    "units": "meters",
    "up_axis": "Y"
  },
  "parts": {
    "merged": {
      "geometry_name": "merged",
      "bbox_min": [
        -0.33520326018333435,
        0.15651586996072708,
        -0.29276159405708313
      ],
      "bbox_max": [
        0.3230341970920563,
        0.40995788173431336,
        0.3979848027229309
      ],
      "center": [
        -0.025933316588911685,
        0.21939814040974379,
        0.10611313051400292
      ],
      "features": {
        "vertices_count": 47538,
        "faces_count": 15846
      }
    },
    "Part1": {
      "geometry_name": "Mesh1",
      "bbox_min": [
        -0.3225354254245758,
        -0.49987637996673584,
        -0.22042329609394073
      ],
      "bbox_max": [
        0.3236384689807892,
        -0.44648492336273193,
        0.35781967639923096
      ],
      "center": [
        0.0019882217262939426,
        -0.4879254087569028,
        0.06961505388529599
      ],
      "features": {
        "vertices_count": 6750,
        "faces_count": 2250
      }
    }
  }
}